player_id,player,pos,season,exp_year_2026,exp_bin,ast_per_36_min,blk_per_36_min,fg_percent,ft_percent,pts_per_36_min,stl_per_36_min,tov_per_36_min,trb_per_36_min,x3p_per_36_min
greenaj01,A.J. Green,SG,2026,4,4–6,2.7131020020745478,0.24681822243026358,0.4239399899682802,0.8242975564472323,12.877578666961734,0.8115246499052685,1.0838158362848875,3.9067496425916133,3.4328474579840513
gordoaa01,Aaron Gordon,PF,2026,12,11–15,3.9856281947846917,0.5730360167876026,0.5408832285333287,0.7014719122337011,17.379974670436972,0.736199221028402,1.6696241324444892,6.4656078360266,1.7605126551053714
nesmiaa01,Aaron Nesmith,SF,2026,6,4–6,2.2244190272911695,0.6059880488206687,0.4954900253523077,0.8432716690575904,17.515108333385665,1.1434881202249032,1.330977776134711,5.495083274243097,2.810700294528887
wiggiaa01,Aaron Wiggins,SG,2026,5,4–6,2.9966256525375017,0.4115079120295085,0.5112605563374906,0.799652573441363,18.74742903815162,1.2620970936478664,1.4986398909363237,5.83059667273484,2.673484316446873
horfoal01,Al Horford,C,2026,19,16+,3.288241727200579,1.1595913098674144,0.4470322289389687,0.8289164395792785,11.247993584426517,0.7578932767217331,0.9672708220270066,8.195370143879789,2.5614413829670983
carusal01,Alex Caruso,SG,2026,9,7–10,4.91444471463855,0.9040425671901394,0.45340490033956055,0.780184423660473,13.114954325588032,2.4870987140816943,1.4628494145562292,5.180577911194418,2.3044205551676025
sarral01,Alex Sarr,C,2026,2,2–3,3.6053537439391308,1.7815210849902339,0.4048430442924119,0.7149579947680474,18.61263918221909,0.9097896452378996,2.297409677598207,8.707988383331239,2.3398672029720062
sengual01,Alperen Şengün,C,2026,5,4–6,5.608033515701921,1.0002901806076652,0.5150153747396385,0.7152447764657295,22.115305971690585,1.3057212547216919,2.8761906100533077,11.133055154684921,0.6804163573225861
thompam01,Amen Thompson,SF,2026,3,2–3,4.632113229720467,1.149031761895843,0.5583439163472111,0.7124686856983902,17.227031552579206,1.7744955275908407,2.240580174739884,9.743937492438096,0.7573501840893864
coffeam01,Amir Coffey,SG,2026,7,7–10,2.051284491469223,0.2110577056988639,0.46869345227041426,0.8549143936836607,14.169354776288897,0.8812558400193174,0.974649960659184,3.534664149299976,2.1672045770855886
nembhan01,Andrew Nembhard,SG,2026,4,4–6,6.291239861881314,0.1977361276776224,0.46484604783824685,0.8205738947733839,13.405801165151956,1.3804744215947664,2.1187345236450112,3.755124232694418,1.3303358344415102
wiggian01,Andrew Wiggins,SF,2026,12,11–15,2.987802798762583,0.8708639392599216,0.4506666159905475,0.7286831324872141,19.538993942813946,1.0937923468168544,1.7320516396020829,5.25440576416065,2.4454201193159633
simonan01,Anfernee Simons,SG,2026,8,7–10,5.36362445754185,0.13165703824688985,0.4295170548648594,0.8873965876913754,21.066226454141383,0.7090489706944064,2.2308710517000074,3.2444184793132873,3.472209304650743
blackan01,Anthony Black,PG,2026,3,2–3,4.458734379648256,0.7470517556897642,0.4488821934260977,0.7289365330302408,15.190067250861318,1.4039072922967233,2.4378807734351136,4.592233398002207,1.5197175833798728
davisan02,Anthony Davis,PF,2026,14,11–15,3.69495081794685,2.2075669110459524,0.5326440098832234,0.7912894117791345,24.973730765260626,1.2117838254690123,2.1575126296063902,11.969890399428449,0.8652280555398199
edwaran01,Anthony Edwards,SG,2026,6,4–6,4.866701308047668,0.59150242449167445,0.4520996262854714,0.8163375400442229,26.935785826756884,1.317683354998044,3.008597069525537,5.432274999023993,3.762863935597434
thompau01,Ausar Thompson,SF,2026,3,2–3,3.7664113078433434,1.0944224179856543,0.5279144249144749,0.6758200265219078,17.21406768141455,2.2156719981790762,2.1499649650061676,8.66161462841983,0.7429136748335481
reaveau01,Austin Reaves,SG,2026,5,4–6,5.567275969312082,0.3516815200204584,0.477685607118973,0.8583389149942011,20.536083634840647,0.9053659448124932,2.309695209833013,4.618410771994574,2.80553452120158
dosunay01,Ayo Dosunmu,SG,2026,5,4–6,5.109763940143106,0.48852829867736813,0.49486411338911446,0.7989115016766347,15.259287019129475,1.0979833944769228,1.7930401671677636,3.9470575043768004,1.8874096719720161
adebaba01,Bam Adebayo,C,2026,9,7–10,4.428373705063885,0.7691095569115746,0.5040801313879723,0.7853409087152043,18.912155631785243,1.2925467993560722,2.2400117518664326,10.21983124644207,1.1407367682856877
sheppbe01,Ben Sheppard,SG,2026,3,2–3,2.9661051130447222,0.42488966511225523,0.4251682475444444,0.866765079041054,11.86009357830175,1.1097896452378997,0.8467610448429266,5.438488375573566,2.2494764448869176
simmobe01,Ben Simmons,PG,2026,9,7–10,8.874901311136114,0.7136224420244905,0.5250813173386072,0.7525300816017529,9.069939335827067,1.2042600416999896,3.045657329964597,7.773553278840331,0.3123443683445351
mathube01,Bennedict Mathurin,SF,2026,4,4–6,2.762300395908062,0.33772101600536936,0.45310428389915397,0.8259921533931982,19.836348526444823,0.8115246499052685,2.315448624317926,5.987080104620791,1.8874096719720161
coulibi01,Bilal Coulibaly,SF,2026,3,2–3,3.7263841280576733,0.8325034520605118,0.4354166947494133,0.7654603407368622,14.874783336941475,1.327436704061429,2.1939558452318995,5.609874160191817,1.5589221485461626
portibo01,Bobby Portis,PF,2026,11,11–15,2.7068766089488925,0.713648677947516,0.48022857006609654,0.8083460403505399,18.83682814147304,0.9460689407283626,1.5160776146462691,11.738098886640692,1.9957400461031094
bogdabo01,Bogdan Bogdanović,SG,2026,9,7–10,4.085457739005351,0.32774458316329835,0.430607416121081,0.8851226217877097,16.135816297216977,1.1850947802515748,1.8352644267612792,4.24718102251359,3.0281181089824054
bealbr01,Bradley Beal,SG,2026,14,11–15,4.96943984673205,0.6001676936888569,0.5010136346451631,0.824833953498583,18.374580104789185,1.074770085615848,2.2146348106376084,3.917959194835159,2.2742769648683625
podzibr01,Brandin Podziemski,SG,2026,3,2–3,5.045004797515463,0.3268686348469557,0.45938657763433416,0.7374031793495363,16.880347199031416,1.2862602334731936,1.6821354617509154,7.315245174553256,2.4966492803588713
clarkbr01,Brandon Clarke,PF,2026,7,7–10,2.338910207501452,1.0081144187725561,0.6199632451026118,0.7187221690703653,15.98888695641237,1.5989028988428469,1.299012376922853,9.661157209264502,0.3123443683445351
sensabr01,Brice Sensabaugh,SF,2026,3,2–3,3.2400688119994685,0.2553107376275079,0.4654552232618837,0.8768855513259214,20.593385892701512,1.2097896452378996,2.638738767658273,5.5346501405076145,3.9669008485036024
lopezbr01,Brook Lopez,C,2026,18,16+,2.0345684186118276,2.2100748640073298,0.5025517908029403,0.8047303412693391,14.14572411685747,0.6287034229738534,1.2486639074853354,6.072787345557735,2.195224597940734
carrica01,Bub Carrington,PG,2026,2,2–3,5.523099636622355,0.34010020136988156,0.40850158087777777,0.8364036621864528,13.750806347398607,0.8097896452378996,2.126745132568174,5.246164845705468,2.2494764448869176
hieldbu01,Buddy Hield,SG,2026,10,7–10,3.303580176834329,0.43120778624321787,0.42799176933631117,0.8511068841198651,17.313274549089222,1.2391729034100112,1.809772725996624,5.0080107529341085,3.8701527470431603
mccolcj01,CJ McCollum,PG,2026,13,11–15,4.938463966300025,0.5386959734731219,0.4443154553455245,0.7827361723960689,21.81862195752215,0.964410533337622,1.9781209954572085,4.1966322614202936,3.5256406180113893
cunnica01,Cade Cunningham,PG,2026,5,4–6,8.995989667547827,0.6167013148483134,0.46097871359711995,0.8471261608614069,26.529198558874963,1.0115246499052686,4.071619083865503,5.722855959145617,2.366074379169943
martica02,Caleb Martin,SF,2026,7,7–10,2.8838970579120633,0.6418636159726794,0.43280072546301096,0.7500620475154316,11.144235525260756,1.2504757334846879,1.5776409068473247,5.573557856468053,1.44896265912912
johnsca02,Cameron Johnson,PF,2026,7,7–10,3.6138516378019125,0.40421717197871687,0.46750057195219097,0.8310697019043213,20.349245384730708,1.1884029658482833,1.727604234927271,5.118207091450408,3.247313460307618
payneca01,Cameron Payne,PG,2026,11,11–15,6.324389027458266,0.4807189907170493,0.4098760777333833,0.864218580998029,15.909982650692376,1.2183748100024114,1.6630025349487216,3.3686079386200745,3.0872789535222123
leverca01,Caris LeVert,SG,2026,10,7–10,5.304178474146327,0.5835262992016229,0.4470973483296181,0.751233082208929,17.258272473924087,1.2494522885033383,1.7893180855181425,4.689725405465244,2.4457414958508417
wallaca01,Cason Wallace,SG,2026,3,2–3,3.540060327551549,0.7106455264163051,0.49077108442387696,0.8258336808649761,12.947429207719605,2.0215543511202525,1.2129892338545363,4.4943238815036075,1.8622271232218668
paulch01,Chris Paul,PG,2026,21,16+,9.5758886346765415,0.2658938421692097,0.42418255720736,0.8710993678518236,11.211980325135563,1.6565509948425383,1.923888420757786,4.636884455614395,2.2633021816187004
braunch01,Christian Braun,SG,2026,4,4–6,3.074378105696071,0.5462850351400327,0.5345352952840823,0.7455936782075283,16.382655089988514,1.0699721384897436,1.2088606470689907,5.75437650608312,1.4964248310352006
capelca01,Clint Capela,C,2026,12,11–15,2.006933650245877,1.6071927716289087,0.5750824978643814,0.6104012109767578,14.463582639044263,0.9071032873529183,1.2751421500373843,14.731900293107367,0.2512751765063181
whiteco01,Coby White,SG,2026,7,7–10,4.848797692854513,0.19426292239744586,0.4522645695445422,0.8700152433225847,21.077836832657567,0.8811768822617178,2.2696115773988175,4.142996746918006,3.1493020473918936
martico01,Cody Martin,SF,2026,7,7–10,3.4458979413569613,0.9233249550301825,0.4164447726886365,0.7462760930611658,11.573693085720276,1.7218355501642448,1.640341466982919,6.984121886228375,1.50946323181585
willico04,Cody Williams,SG,2026,2,2–3,2.5094989481201453,0.509679128854629,0.33034066133754786,0.7496567568875919,10.149448691976023,0.8097896452378996,1.6147514974780748,4.092223666496875,1.526350380206208
anthoco01,Cole Anthony,PG,2026,6,4–6,5.850525021762714,0.6829046062183626,0.4320662931037181,0.852340089968219,18.81468242957693,1.166439770315849,2.7431902240431394,6.00784634175127,2.3072675314205084
sextoco01,Collin Sexton,SG,2026,8,7–10,5.611390571214948,0.1847551715144813,0.4859362498340809,0.8439042610974645,23.235646408496528,0.9861175107149931,3.0084123615524945,3.572970833628396,2.4117027040118586
kispeco01,Corey Kispert,SF,2026,5,4–6,2.6439025080738463,0.3051796519537653,0.46593260195506203,0.8292490282326825,16.724147455492517,0.6527011204935037,1.4186764829565377,4.026679887794562,2.9479162726109007
russeda01,D'Angelo Russell,PG,2026,11,11–15,7.223473679217707,0.5371436496470937,0.4167602586778925,0.8218346263010895,17.276496387836765,1.166101517101617,2.46324717305876,3.5862237671868726,2.9089280953185037
jeffrda01,DaQuan Jeffries,SG,2026,7,7–10,2.1562677415316207,0.7537460275454352,0.4086574838600616,0.7971947541714889,11.21708806297745,0.8989028988428469,1.299012376922853,4.660745432693942,1.9393780138761312
bantoda01,Dalano Banton,PG,2026,5,4–6,5.130179991855256,0.8729771821799259,0.3958530706212626,0.762444225834929,18.74381448252855,1.322446611813241,2.7088759238908886,4.943034304676736,2.41769344163507
knechda01,Dalton Knecht,SF,2026,2,2–3,2.1442140161804835,0.2553107376275079,0.47118814804195686,0.7756808284772502,18.43257129944796,0.6097896452378996,1.1027578623879761,5.438488375573566,3.2437747838228934
lillada01,Damian Lillard,PG,2026,14,11–15,7.096268355841257,0.3211642997954926,0.4401746723262314,0.909234233997081,23.712002613469387,0.987166453558998,2.650320752697505,4.436017416853615,3.3492200747630854
gaffoda01,Daniel Gafford,C,2026,7,7–10,2.5210573348483556,2.571347587858643,0.7135788172012201,0.7037843876199423,19.474726565699825,0.8552283831660342,1.7992824502236422,11.121356878677027,0.29585527606139644
garlada01,Darius Garland,PG,2026,7,7–10,7.9179001674156915,0.1592045173132403,0.4645287229138138,0.8635201883009765,22.83864637037701,1.3660169928025783,2.9240423925895875,3.091614443981893,3.2029431218140214
mitchda01,Davion Mitchell,PG,2026,5,4–6,6.025677177531579,0.29904602555082244,0.4601853453205942,0.7291010742109367,11.64926477262787,1.0309939501591838,2.0372051873380483,2.935423151912732,1.8093605100917054
foxde01,De'Aaron Fox,PG,2026,9,7–10,6.277541949239114,0.36666823517795505,0.47181721358389656,0.7788438606803296,23.297432057089615,1.5193072076603424,2.6670220498032764,4.548520530698919,2.253624737184171
huntede01,De'Andre Hunter,SF,2026,7,7–10,2.19690779135129,0.3259838704990842,0.4666338063974791,0.8312715439992405,21.427210978411612,0.8668065703785753,1.6534452591455955,5.070862564006178,3.1744876566786395
derozde01,DeMar DeRozan,SF,2026,17,16+,4.664733750830518,0.39277023114519943,0.47510689749195506,0.8661923512918057,21.16195970714574,0.9375221752610147,1.5025670148233705,3.9647845180522916,1.2812047113123957
wadede01,Dean Wade,PF,2026,7,7–10,2.3174458645496085,0.6475893155741018,0.41177626983599047,0.6660532784803922,9.839702170397993,1.240079369431082,0.729408307814843,7.245634728393142,2.4901118343444377
aytonde01,Deandre Ayton,C,2026,8,7–10,2.2499799327741887,0.9412731148774446,0.5693803565498639,0.7678380464025673,17.270689522960698,0.9019427725104348,2.0277018110379514,12.170549563288423,0.44234199007194214
murrade01,Dejounte Murray,PG,2026,10,7–10,7.883801267025485,0.342457390350188,0.4225979085147719,0.8148820276740742,19.4430365267651,1.828867367851927,3.2038451746352963,6.853000215399286,2.1238950493180733
avdijde01,Deni Avdija,SF,2026,6,4–6,4.658553705783459,0.5975402772079622,0.4790594355959695,0.7510106181121573,20.050284077543296,1.1427129641571439,2.8957749083347797,8.409946607856526,2.155615044082656
schrode01,Dennis Schröder,PG,2026,13,11–15,6.585704579953985,0.2649622417747252,0.4152473320124804,0.8454820304111509,15.931578359832402,1.001392829353692,2.230449927511195,3.3411399683586263,2.2246015191866033
jonesde02,Derrick Jones Jr.,SF,2026,10,7–10,1.6784201034598967,0.7166925229124198,0.5144765194388949,0.7301508485280142,14.959583037655904,1.3341970164899055,1.3544977034629728,5.1771257893439815,1.7277444350539517
whitede01,Derrick White,SG,2026,9,7–10,5.450011982399024,1.054258042680861,0.45020207666287215,0.8699973205517798,17.1448442906589,0.9973689496102792,1.735670017823352,4.584762590019371,3.5939279627508376
banede01,Desmond Bane,SG,2026,6,4–6,5.695937066402378,0.47095120929193784,0.47628505570217694,0.8736487080557609,22.350782966170026,1.2446474292183363,2.6500789060356613,5.985027917006028,2.9871208377771903
bookede01,Devin Booker,SG,2026,11,11–15,6.433352861989835,0.3532516653648819,0.4705932738620247,0.8824630605169747,23.894493808591747,0.94168678518158,2.5687454945807713,4.063040739243162,2.440365961462053
vassede01,Devin Vassell,SG,2026,6,4–6,3.8319097805664546,0.5623860984371015,0.4536163575567357,0.8086436845475484,19.61934313670116,1.3763884477734092,1.6379690429266478,4.6183480791759886,2.996391573705722
brookdi01,Dillon Brooks,SF,2026,9,7–10,2.4121542051057454,0.2355820680688372,0.4249046122891175,0.8239050357049444,15.664813051437818,0.9756152276099703,1.285466945118152,4.139070178884377,2.758317206455078
sabondo01,Domantas Sabonis,C,2026,10,7–10,6.7246196894759445,0.45504703744414654,0.5965459667188877,0.7400405694920353,19.400472946158345,0.8302912689861686,2.919035554579359,13.850576489986887,1.1066979764467044
clingdo01,Donovan Clingan,C,2026,2,2–3,2.600820181105061,2.6294157224139707,0.5469631193393163,0.671584542118617,13.840840288784172,0.9097896452378997,2.0414128600531574,14.189208984572046,0.8032243155254987
mitchdo01,Donovan Mitchell,SG,2026,9,7–10,5.821512801087814,0.3501598637413535,0.4535838211606941,0.8542564363429463,26.480124786919383,1.6229850149107503,2.4532128245559086,5.025139054656113,3.74558045008869
divindo01,Donte DiVincenzo,SG,2026,8,7–10,4.798617351101934,0.3631012929370899,0.4304931641379638,0.7943024050939065,16.424887122758886,1.6550369983123545,2.0818999601406465,5.354160645498351,3.995244350342266
finnedo01,Dorian Finney-Smith,PF,2026,10,7–10,2.212278202522622,0.5131950205236652,0.4298772656056276,0.7011956422503606,11.073769519903509,1.090886995811083,1.1406952846987357,5.215131605256535,2.6015794595486303
greendr01,Draymond Green,PF,2026,14,11–15,7.454922643024301,1.1862911367238445,0.4583967015757011,0.7216273635039948,10.781627328079258,1.5139331333852912,3.0089494031488875,7.9310833962811,1.5851529225831489
robindu01,Duncan Robinson,SF,2026,8,7–10,3.7690930237983213,0.2110577056988639,0.4374889324842874,0.837864795437645,16.54875322547971,0.8400793694310823,1.7343454462667616,3.5026185529708513,3.7651827326718346
daniedy01,Dyson Daniels,SG,2026,4,4–6,4.890007931252246,0.6577869845615653,0.4719700629311505,0.6532370654073109,14.732642912231432,2.543488120224903,2.0822752691140214,6.310324578989275,1.3643746262804932
mobleev01,Evan Mobley,PF,2026,5,4–6,3.9235452574569956,1.6720652737130184,0.5621079853922502,0.7246057469121895,21.482814609475838,0.9869293084129668,2.2553788143934246,10.521848198023127,1.4664910017974424
wagnefr01,Franz Wagner,SF,2026,5,4–6,4.867241223493017,0.3822958122882803,0.47155056540972046,0.856800646427623,25.05349630439761,1.2045763672364964,2.350165982964449,5.835479882451612,2.0091283300721106
vanvlfr01,Fred VanVleet,PG,2026,10,7–10,6.417801424248329,0.4943260210428082,0.3924801752073031,0.8575011230874199,14.836960246512778,1.5629771191349906,1.6275640852765538,3.83362069756573,2.8614943926981087
vincega01,Gabe Vincent,PG,2026,7,7–10,2.612873906456198,0.3297987088335669,0.4045346225943432,0.797194754171489,11.39715594574858,1.1989028988428467,1.12834783189282,2.4490248392108094,2.6625040785568403
trentga02,Gary Trent Jr.,SG,2026,8,7–10,2.2137154222558606,0.18419675902987062,0.43072785666327096,0.8235566437442828,15.937150549186802,1.5304465230039206,0.8910429346828258,3.1377284530171874,3.4134024569013084
niangge01,Georges Niang,PF,2026,10,7–10,2.549222144769021,0.30784023544737354,0.45675717601755006,0.8442217357278833,16.249423233061417,0.6182475494547695,1.589582983087398,5.478152519762706,3.440614472152174
antetgi01,Giannis Antetokounmpo,PF,2026,13,11–15,6.649521791415662,1.16171469717231,0.5964818180832941,0.667537469376964,30.150445574655638,1.0052477800493258,3.1605597856885472,12.349720203297123,0.4957733034325881
bitadgo01,Goga Bitadze,C,2026,7,7–10,3.617407469290268,2.1951669111657877,0.612258924436292,0.6779571897970545,13.017766890688742,1.1989028988428467,1.8110060120129519,11.584392507945486,0.4027351264296238
dickgr01,Gradey Dick,SG,2026,3,2–3,2.6212778819563036,0.2050107092027492,0.4234675672723356,0.8628005382746381,18.647827641785902,1.0686131746496643,1.8367619048615393,4.396414365005008,2.819556537617721
allengr01,Grayson Allen,SG,2026,8,7–10,3.3152986194022898,0.41266997420525436,0.46201566923947646,0.8630078537314595,15.564326544792193,1.12314293042595,1.5681671876643908,4.411983925359703,3.4278389661571467
yabusgu01,Guerschon Yabusele,C,2026,9,7–10,3.069480071380775,0.4993776363183142,0.5051671157502009,0.7467480923207667,14.818445718400033,1.0989028988428469,1.7256737394979353,7.545598380715419,2.1201595300463083
barneha02,Harrison Barnes,PF,2026,14,11–15,2.336553572508688,0.23960402664459393,0.49086197105844326,0.8200799056414788,15.43467818997843,0.6892193552565898,0.8803588885041602,4.874512781749317,2.533211601050471
highsha01,Haywood Highsmith,SF,2026,8,7–10,2.4240404859800098,0.7003440338799903,0.4567812265650851,0.6906709832714619,10.22448215209612,1.3400793694310822,1.1305931284109347,5.274444396672173,2.0062813538192046
okorois01,Isaac Okoro,SG,2026,6,4–6,2.726299685992225,0.5145778115304698,0.47401569066509897,0.7331626210683517,12.464024411345104,1.1173280450888454,0.9574032177080154,4.044432341265835,2.0483328952384
colliis01,Isaiah Collier,PG,2026,2,2–3,8.628021558109477,0.34010020136988156,0.43051992950163087,0.7392471282517287,13.930874230169737,1.3097896452378996,3.8333905828685033,4.86151778596927,1.1647873478658535
harteis01,Isaiah Hartenstein,C,2026,8,7–10,4.6746294866112565,1.500776456862929,0.5944858040193977,0.7094481177332896,13.850621399951653,1.3382238621274896,2.0230203694356397,12.798178074463875,0.29585527606139644
joeis01,Isaiah Joe,SG,2026,6,4–6,3.0064729451907573,0.27616341479735945,0.44422905481426506,0.8057397139426985,17.339913551557203,1.133899079129013,1.0695797641105858,4.432181169136178,4.217821397610991
stewais01,Isaiah Stewart,C,2026,6,4–6,2.9518533888850373,1.647356299132824,0.5205053518675691,0.7526083477907392,12.119597547489517,0.5493059369167174,1.7261182560572275,9.82008802983765,0.9692848227424522
zubaciv01,Ivica Zubac,C,2026,10,7–10,2.8150529254008294,1.323408062525457,0.6368676945990978,0.7250304453848768,17.69456501374147,0.6167868309391754,1.7161888276493973,13.2797663125215,0.29585527606139644
moranja01,Ja Morant,PG,2026,7,7–10,8.366111584505871,0.3297987088335669,0.4554705218714747,0.8087001331900748,26.432824157137865,1.3989028988428467,4.029645097403382,5.04539249243014,2.210550288131397
walteja01,Ja'Kobe Walter,SG,2026,2,2–3,3.057426346029638,0.34010020136988156,0.41475158087777775,0.8229096991399634,16.361790647579976,1.4097896452378995,1.7000837699930915,5.438488375573566,2.3398672029720062
smithja05,Jabari Smith Jr.,PF,2026,4,4–6,1.9049273824618642,0.8877229221578293,0.4365562491739099,0.8275641788872381,15.38168730870569,0.629789490087917,1.4068448175055182,8.519051968318395,2.273228739581525
mcdanja02,Jaden McDaniels,PF,2026,6,4–6,2.4868056341848375,0.9228539917947093,0.48827214298389515,0.7430818909401948,14.394619464313031,1.2558989096762911,1.4413615263049968,5.680882101157805,1.6625138276288909
jaqueja01,Jaime Jaquez Jr.,SF,2026,3,2–3,4.458842773146795,0.3796233531528443,0.4769774958339241,0.7948666919174047,16.62807741730753,1.4862602334731938,2.4165436956428112,6.895697876422589,1.3732308693693271
laravja01,Jake LaRavia,PF,2026,4,4–6,4.4911920729283565,0.5784965027627363,0.4736941810534279,0.7209176040137867,13.369461652885834,1.6659353244790271,2.2634127361069982,6.8891900303423075,1.8383786074334443
poeltja01,Jakob Poeltl,C,2026,10,7–10,3.748817732052353,1.6476412489425125,0.6387768804716344,0.6073603549964564,17.02480069015514,1.1777829000359124,2.264227243102677,11.646343244032035,0.29585527606139644
brunsja01,Jalen Brunson,PG,2026,8,7–10,6.991584097026086,0.13175281193354502,0.4866782122767864,0.8358138482897505,25.922187345606527,0.8989028988428468,2.400738619461842,3.3424138768662313,2.6025597565160004
durenja01,Jalen Duren,C,2026,4,4–6,3.6183015174459325,1.30012529252604,0.6656931498790961,0.710025813435635,16.79986009346566,0.8932598097226201,2.3437955082302078,14.00100418186832,0.3430725908078985
greenja05,Jalen Green,SG,2026,5,4–6,4.08665726818288,0.3473331808907298,0.4214869042011334,0.7994238164624071,22.984955054915037,0.8650974884366541,2.616705075538466,4.945360867953619,3.1624805702994125
johnsja05,Jalen Johnson,SF,2026,5,4–6,4.826322796928928,0.9581566404921195,0.5015156420085656,0.7240739116837634,19.072039018693847,1.4485109512751317,2.5306352164837675,9.805987558742613,1.4964248310352006
suggsja01,Jalen Suggs,PG,2026,5,4–6,4.935376994674404,0.8761278689362304,0.4297948589005344,0.800890171578751,20.06730648717023,1.831422004820389,3.2618451651215863,4.795851153003734,2.8499048596951764
willija06,Jalen Williams,SG,2026,4,4–6,5.577155599054032,0.6474975540783277,0.5047110279548594,0.8111525889875968,23.58761717562847,1.6069584398596066,2.2464625516388446,5.495880939135479,2.1411785348268175
wilsoja03,Jalen Wilson,PF,2026,3,2–3,3.057426346029638,0.17052127388513424,0.40850158087777777,0.8322158805513353,15.101315468182076,0.7097896452378996,1.5294192249630583,5.053841315837369,2.4302579610570954
murraja01,Jamal Murray,PG,2026,10,7–10,6.474523010849186,0.5043798659002605,0.47336733408937387,0.8441307193528815,21.3070641972919,1.23588920021271,2.1490907339992593,4.2213198338220606,2.5293163995107273
sheadja01,Jamal Shead,PG,2026,2,2–3,7.806130461245241,0.2553107376275079,0.4117273873293907,0.7863966226612271,14.921247585410946,1.4097896452378995,2.8094033126883056,3.1306060171563828,2.06869492871674
hardeja01,James Harden,PG,2026,17,16+,8.963052232016848,0.6129824130615955,0.41518716493298125,0.8742752419910014,21.20786019776414,1.2738427437568693,3.7361674872117607,5.964356748495782,3.025669580909187
battlja01,Jamison Battle,SF,2026,2,2–3,2.326856482150314,0.34010020136988156,0.4335015808777778,0.9578493296048581,16.18172276480885,0.6097896452378996,1.102757862387976,5.726973670375713,3.6957285742483363
walkeja02,Jarace Walker,PF,2026,3,2–3,3.696674976924046,0.7640475200817499,0.485565801061264,0.7149579947680474,15.731553057881028,1.6097896452378997,2.3827419501132234,7.073238379452404,2.5206487191421836
butleja02,Jared Butler,SG,2026,5,4–6,7.564148878393933,0.4457973279559489,0.4484255666886421,0.8193219209825429,19.120276893990706,1.4728273318976057,2.678973528241843,3.881143348863964,2.2468583734538368
jacksja02,Jaren Jackson Jr.,C,2026,8,7–10,2.523397044539502,2.174777494941468,0.47890404526050606,0.7973865790006175,25.666417211732846,1.3919546161740746,2.3918157912585865,6.966121710870073,2.4457414958508417
allenja01,Jarrett Allen,C,2026,9,7–10,2.7584102406405537,1.1644443079800775,0.6790631006522329,0.7379460895278044,17.261009280005787,0.9897043200824838,1.5588124520658988,12.236580349775327,0.29585527606139644
greenja02,Javonte Green,SG,2026,7,7–10,1.9907570807958441,0.8338174766121601,0.4286545275833935,0.7223474330260107,10.618770296695002,1.8516850928015114,1.0430155593778034,6.362304166741587,1.535134448703867
hayesja02,Jaxson Hayes,C,2026,7,7–10,2.2475889745165363,1.5168512012267983,0.7265216158142133,0.6696768033821632,13.017766890688742,0.9989028988428469,1.4696769219528858,8.891863089792109,0.3123443683445351
brownja02,Jaylen Brown,SF,2026,10,7–10,4.563770326911977,0.3676411794401287,0.4758005712041557,0.7478200839214234,22.936913046886808,1.1936522079624678,2.6125893358245658,6.147720006177575,2.118729275990767
wellsja01,Jaylen Wells,SG,2026,2,2–3,2.874783880059807,0.17052127388513424,0.43707300944920624,0.8364036621864529,16.18172276480885,0.8097896452378996,1.3587546799330255,4.95767955090332,2.6110394772272723
tatumja01,Jayson Tatum,PF,2026,9,7–10,5.548725428834572,0.5477314655889498,0.46012025947616436,0.8372879283949203,25.782207096999343,0.9989028988428469,2.7267304624684883,8.307546807040172,3.3938001743181636
grantje01,Jerami Grant,PF,2026,12,11–15,2.761195088119793,0.9823943610999947,0.40910762252838995,0.8316256230474245,16.259340990270438,0.928935107329231,1.5934783512765405,3.9243806989973304,2.586852675472599
robinje02,Jeremiah Robinson-Earl,PF,2026,5,4–6,2.987065701029294,0.24681822243026358,0.45547249104447474,0.8091168480199316,13.237714432503992,1.1115246499052687,1.5958094713749862,9.099484949030272,1.8058138124524559
sochaje01,Jeremy Sochan,PF,2026,4,4–6,3.902723770507639,0.6474975540783277,0.49528471431647925,0.7276132814949902,16.517368861211665,1.125223280042255,2.2383115131835067,8.60328581542756,1.0714011982594016
butleji01,Jimmy Butler,SF,2026,15,11–15,5.912169455058506,0.43211655703361856,0.5047887824686427,0.8514593241714843,19.308582163729636,1.6232665191762412,1.5275731610406056,6.05986400702821,0.9474706731525299
collijo01,John Collins,PF,2026,9,7–10,2.461332746258018,1.1250375637661434,0.5277920058081551,0.8201325922498071,21.315831584212756,0.9239325080019468,2.4638429037605403,9.595863731576086,1.8546288664813526
juzanjo01,Johnny Juzang,SG,2026,4,4–6,2.347817070134886,0.24681822243026358,0.42965657611964897,0.8485866899309135,16.929106029312138,1.1115246499052687,1.1691481087999038,5.253014351668303,3.342456699898963
valanjo01,Jonas Valančiūnas,C,2026,14,11–15,3.6816611588457766,1.069716965482264,0.551854119750397,0.8249074557701571,18.832064365059683,0.663557047845648,2.5390024062693914,14.494362872476348,0.5562203645282285
isaacjo01,Jonathan Isaac,PF,2026,9,7–10,1.6996615766070438,2.2799563749081613,0.4117091718249672,0.7139177250845823,13.017766890688742,1.9989028988428468,1.2136801044078365,10.334289563802846,1.4874242234506878
kuminjo01,Jonathan Kuminga,PF,2026,5,4–6,3.4274729353781592,0.6832246346968035,0.4843265378481183,0.7018158993461181,22.50979570163668,1.0962858026885296,2.227102028117271,6.730501040141506,1.5645024147131668
mogbojo01,Jonathan Mogbo,PF,2026,2,2–3,4.427244840803369,0.9336264475664973,0.4485015808777778,0.7677604588630064,12.940500874928526,1.5097896452378996,2.0414128600531574,8.804150148265288,0.8936150736105873
hawkijo01,Jordan Hawkins,SG,2026,3,2–3,2.4349540814501798,0.45058118609546244,0.3808761793457787,0.8365545248991552,17.978154947512174,0.727436704061429,1.5915202520171985,4.624278994331332,3.2889505088871163
poolejo01,Jordan Poole,SG,2026,7,7–10,5.525388185486581,0.419573550684703,0.4267294605344266,0.8712559230018734,23.684176170150828,1.2463170322814572,3.367388050220041,3.712542001912948,3.920940182610912
alvarjo01,Jose Alvarado,PG,2026,5,4–6,6.210611465189307,0.3969827555155888,0.4019607147689034,0.77883465138647745,15.711930638346985,1.998739261777415,2.146959180465231,3.8495292922723596,2.996391573705722
giddejo01,Josh Giddey,PG,2026,5,4–6,8.094772807659277,0.6468847036843408,0.4689787377328323,0.782726620353193,17.93525059974517,1.1360015547611708,3.206598327049004,9.367721444684683,1.9554872556499825
greenjo02,Josh Green,SG,2026,6,4–6,2.8343927435912804,0.29057360208315125,0.457972371851175,0.6901265698609271,10.954250753007415,1.2783229128346012,1.428581523245944,3.887663869254824,2.067935177821545
hartjo01,Josh Hart,SG,2026,9,7–10,5.280474865705618,0.29955789377489545,0.49771576760949904,0.7882885410393077,12.739261923286444,1.2785909939538236,1.8878950695705135,9.11086059494386,1.2439139545287183
holidjr01,Jrue Holiday,PG,2026,17,16+,5.439137437948653,0.5080116097653913,0.45204968089920894,0.8701259937272113,12.720794022409168,1.2678419541792934,1.7651657626506025,5.041816186230385,2.268467954946007
champju02,Julian Champagnie,SF,2026,4,4–6,2.6442417274568304,0.7712562185573787,0.4089006295572507,0.8402268449581056,15.682991515221438,1.1527011204935038,1.4845964654626465,5.655810220635327,3.2501604365605234
phillju01,Julian Phillips,SF,2026,3,2–3,1.8702503172257372,0.5944685925970026,0.45415375479082126,0.8060422453318514,13.660772406013042,1.2097896452378996,1.102757862387976,5.630811905441664,1.8879134125465626
strawju01,Julian Strawther,SG,2026,3,2–3,2.6921414140899764,0.42488966511225523,0.44500951738571437,0.8311234157769569,16.901994295893367,1.0097896452378996,1.6147514974780748,3.9960619015628263,2.6110394772272723
randlju01,Julius Randle,PF,2026,12,11–15,5.155113907108743,0.39818468644335236,0.47668180416140266,0.7905323811516356,20.34541775622755,0.67421738131265,2.9769259289784427,8.49113810564158,1.829651049509419
champju01,Justin Champagnie,SF,2026,5,4–6,2.0738533711801397,0.9251339323692529,0.5091178555809284,0.6907073222869864,15.488562967143107,1.7115246499052685,1.5958094713749862,9.291808478898371,2.1673768447928103
edwarju01,Justin Edwards,SF,2026,2,2–3,2.6921414140899764,0.509679128854629,0.46612869952184555,0.749656756887592,15.641519116495463,1.4097896452378995,1.6147514974780748,4.86151778596927,2.4302579610570954
nurkiju01,Jusuf Nurkić,C,2026,12,11–15,4.207429776935271,1.1115225413228962,0.4900105044779168,0.678365619560752,14.634352916468051,1.3061918934810952,3.0151155365353453,13.619574880063611,1.1436984363405847
townska01,Karl-Anthony Towns,C,2026,11,11–15,3.3959556286165125,0.7111335344579794,0.5143258223762324,0.8362047874381663,23.869326004140905,0.8993654271081494,2.616965028927794,11.76639559220155,2.186597098607251
leonaka01,Kawhi Leonard,SF,2026,15,11–15,3.78361346420954,0.6294720797783956,0.5063583764258871,0.844411486178688,23.144479200488657,1.6826316102937524,1.9606081771145576,6.620013542270688,2.440365961462053
murrake02,Keegan Murray,PF,2026,4,4–6,2.027731850340871,0.8182612430100797,0.448498850625905,0.799705302223701,14.248880171557394,0.929789490087917,0.9512728443357019,6.483484032025538,2.3712401524972493
wareke01,Kel'el Ware,C,2026,2,2–3,2.052892783195568,1.6119421575054866,0.5640571364333334,0.7435334459253193,16.721926413122237,1.0097896452378996,1.5294192249630583,11.977488391088913,1.255178105950942
johnske04,Keldon Johnson,SF,2026,7,7–10,2.97611731809683,0.32804288785288427,0.47124819265420653,0.7791383639588564,18.943910892665148,0.9190371270307663,1.6272793481989023,7.047257046325752,1.9722425619802215
oubreke01,Kelly Oubre Jr.,SF,2026,11,11–15,2.0172116095082826,0.5846959200550819,0.45368479151073454,0.749207262075076,15.52790658780595,1.47173021194826,1.3497510937889963,6.145102040439952,1.4830365470661995
willike04,Kenrich Williams,PF,2026,8,7–10,3.510136495804866,0.3149099112838376,0.48118608166521903,0.5467644166965185,13.570164219790195,1.3654642884993806,1.208282363071258,7.530132083335118,2.226011424835023
caldwke01,Kentavious Caldwell-Pope,SG,2026,13,11–15,2.5156699116091907,0.5290893860706297,0.4458519732827424,0.8654326575418582,10.442154685052014,1.5328040374516159,1.038238110400442,2.7331785836741784,1.9420989716809811
elliske01,Keon Ellis,SG,2026,4,4–6,2.6217807690896326,1.0947128598540004,0.4883990395132752,0.8091168480199316,13.417782315275122,2.2115246499052685,1.4251449263449534,4.002911407525662,2.7097213933033424
johnske07,Keon Johnson,SG,2026,5,4–6,3.626314331923702,0.5859760773997582,0.3904379053941289,0.7775876843632302,16.478936322384317,1.5115246499052686,2.193135378980102,5.637661411404499,2.528939877133165
duranke01,Kevin Durant,PF,2026,19,16+,4.714079095651782,1.097593578450314,0.5242625590743151,0.8769657759422343,24.821751881570854,0.7951152009109521,2.882079256731103,6.152672859576784,2.5614413829670983
huertke01,Kevin Huerter,SG,2026,8,7–10,3.7388050408132356,0.43510333661117717,0.4395067169343823,0.7454156021270172,14.700982189753587,1.201311110449637,1.44724525456504,4.4104725066198895,2.9139857991965505
porteke02,Kevin Porter Jr.,SG,2026,7,7–10,6.195229642496039,0.3119482954141198,0.4502449110747147,0.7764732816264869,18.55880314297928,2.000657284807759,3.073025410787669,6.816793425425782,1.5254834900128305
looneke01,Kevon Looney,C,2026,11,11–15,3.8622211840485896,1.0566352556063485,0.5501815093433626,0.6510631210002533,10.37370015589697,1.1238423319640516,1.1544066898000434,13.533835044108695,0.324518533511591
georgke01,Keyonte George,PG,2026,3,2–3,6.483056645339028,0.2050107092027492,0.3985594182011543,0.8407308833594117,20.269620760461418,0.727436704061429,3.066920343006623,4.363186950335066,3.1321322482219576
thompkl01,Klay Thompson,SF,2026,15,11–15,2.8838861130884306,0.5506035184882418,0.417218270394147,0.8636986137799524,18.096416599184376,0.8273804687412409,1.6027388854810782,4.3454648888969345,4.004305325209316
dunnkr01,Kris Dunn,PG,2026,10,7–10,5.221065363542651,0.5948345972682133,0.45150431956404014,0.7306982620204003,10.257105082947831,2.3518440753134353,1.7143250931155856,5.307671811342114,1.6297330221382273
murrakr01,Kris Murray,SF,2026,3,2–3,2.8077100759609666,0.5887876007720985,0.42294158368302354,0.6015198330555049,11.915876559225968,1.29214258641437,1.592836976658325,6.398468474714286,1.3391920775303439
porzikr01,Kristaps Porziņģis,C,2026,11,11–15,2.867354774613158,1.894283281713217,0.4912623130928848,0.846322226118923,23.07797466557222,0.9010630188965425,1.6483826479109578,8.678147169019441,2.972671743082108
anderky01,Kyle Anderson,PF,2026,12,11–15,5.486634925944102,1.0841740634492756,0.47191495854909277,0.73266168386721,11.986746357857585,1.4588806643005627,1.3914890533561959,7.026874101632809,0.9730610467776357
filipky01,Kyle Filipowski,C,2026,2,2–3,3.696674976924046,0.509679128854629,0.50443654022737106,0.7006702691894117,17.80233370974901,1.1097896452378997,2.3827419501132234,10.438900152144125,2.06869492871674
kuzmaky01,Kyle Kuzma,PF,2026,9,7–10,3.674193845346329,0.5449820540305617,0.44559271411052725,0.7234259613275782,18.6384162016129,0.6272283418382824,2.7001141116515255,7.186333999247152,2.0846904841517837
irvinky01,Kyrie Irving,SG,2026,15,11–15,5.012532504170044,0.5801250420176157,0.47983137249856544,0.9042800313260265,23.592384466115497,1.2503983344536345,2.0126241267794884,4.68359331730275,2.983003289736721
georgky01,Kyshawn George,SG,2026,2,2–3,3.7879962099089615,0.9336264475664973,0.38464836986860346,0.7660930126284287,13.750806347398607,1.4097896452378995,1.9560805875381408,5.919297200243812,2.5206487191421836
ballla01,LaMelo Ball,PG,2026,6,4–6,8.192375981169473,0.33160768617263725,0.40419361315668595,0.8265056594912032,27.823212936965454,1.3115246499052686,3.7291162842503986,5.5414996464704505,4.246364280749851
markkla01,Lauri Markkanen,PF,2026,9,7–10,2.1641423245830995,0.4735863447692512,0.44849329711422736,0.8789533421923263,21.85621715753734,0.848369933979049,1.6009986238048424,7.322506577461757,3.472209304650743
jamesle01,LeBron James,SF,2026,23,16+,7.75666584339209,0.6137652277212035,0.5125900517787387,0.7719976768361697,24.043739156447433,1.0872260836700158,3.426617791171679,7.811179625962239,2.322109029368135
dortlu01,Luguentz Dort,SF,2026,7,7–10,2.3578963847975802,0.5885076949110021,0.4312181670611596,0.7984570865148992,12.872508916865042,1.2507781455858393,1.1060737294724206,4.92107856212134,2.983213050798203
doncilu01,Luka Dončić,PG,2026,8,7–10,8.270074955213222,0.45907606858529226,0.46671613521840166,0.7796691795017227,28.276783923136275,1.5208537133820543,3.507573997850997,8.512713752492559,3.6728425106642524
kennalu01,Luke Kennard,SG,2026,9,7–10,5.352510896003661,0.16021978134881953,0.4766846947444154,0.8388332687149421,14.36827601147221,1.1989028988428467,1.8110060120129519,4.660745432693942,2.8432855947270177
kornelu01,Luke Kornet,C,2026,9,7–10,3.3434437703355218,1.6864301287115455,0.6626563807161013,0.7187221690703656,12.20746141821866,0.9989028988428469,0.9576832868627869,10.238127798868797,0.3123443683445351
beaslma01,Malik Beasley,SG,2026,10,7–10,2.4567121447818927,0.1448331071658091,0.4299569037474748,0.7740190975273399,19.562970218190888,1.0482272026480033,1.2656125966900111,3.8373762484072618,4.644103016735109
monkma01,Malik Monk,SG,2026,9,7–10,6.1523066779705164,0.5884119212243469,0.4402481145674091,0.8590086540719868,19.511715138439236,1.0107465624827994,2.7020656620144425,4.3242316434250245,2.6025597565160004
willima07,Mark Williams,C,2026,4,4–6,3.7176355649086177,1.5186601785658687,0.6058663625484136,0.8000084229635512,20.890599450276984,1.0115246499052686,2.193135378980102,13.426764371062488,0.35956168309103714
plumlma01,Mason Plumlee,C,2026,13,11–15,3.7712334087126,1.2230344505044517,0.6230139585842626,0.692775754431064,9.38218096949663,0.8817183682846199,1.5620147914177638,12.33340743050167,0.2677642687894568
buzelma01,Matas Buzelis,SF,2026,2,2–3,2.4181777151352297,1.6119421575054866,0.46304703542323233,0.817719713352852,17.892367651134574,0.7097896452378997,1.8707483150231243,6.784753084650256,2.5206487191421836
chrisma02,Max Christie,SG,2026,4,4–6,2.9064351060383813,0.5544042601529505,0.42720092081767075,0.8450175107123427,13.780796457880953,1.1115246499052687,1.5740250689416744,4.434622123724646,2.1183355026065427
strusma01,Max Strus,SF,2026,7,7–10,4.208720954610877,0.3385248533855557,0.4342203654229431,0.8040023923261173,13.452850726805153,0.7682672888941694,1.4884925905653221,5.6930342220796,3.168904329975039
portemi01,Michael Porter Jr.,SF,2026,7,7–10,2.3723653847595743,0.5449173319713789,0.4959921326561676,0.8074649311027818,19.038631474448866,0.6669394285232121,1.413194973111986,7.529529712834185,2.8810966752812535
bridgmi01,Mikal Bridges,SF,2026,8,7–10,3.682263503672073,0.5005660954856596,0.47713181946032446,0.8376024115643085,17.40674757261181,0.9998251563631869,1.623625354793939,3.668499066406,2.236342971489636
conlemi01,Mike Conley,PG,2026,19,16+,6.7082985832029065,0.2986340244930724,0.4110175960636165,0.9038498149829536,11.819907466767178,1.47829187135926,1.5404062467419533,3.555156099257078,2.7719007180543853
bridgmi02,Miles Bridges,PF,2026,8,7–10,4.261605377170501,0.649443941178402,0.44104158138109467,0.8422575561179083,22.30021115886101,0.8400793694310823,2.223512027314317,8.069229185096779,2.5581894180224043
mcbrimi01,Miles McBride,PG,2026,5,4–6,4.202049934141788,0.336579234286441,0.42060566840627067,0.8506944325354175,14.891540762630665,1.4703481793170332,1.015450237566268,3.3576639247486177,2.835468350439338
moodymo01,Moses Moody,SG,2026,5,4–6,2.4577011399536284,0.6676014075499017,0.4430212828603714,0.7978394201353844,16.66773487047494,1.3115246499052688,1.3513071001443249,4.796624712580117,2.8251368037847246
diabamo01,Moussa Diabaté,C,2026,4,4–6,2.0738533711801397,1.0947128598540004,0.5926195390826119,0.6457009867142833,12.877578666961734,1.3115246499052686,1.8518062889200357,12.465146721721995,0.35956168309103714
turnemy01,Myles Turner,C,2026,11,11–15,1.9658663426579273,2.520327257343996,0.5031223878788322,0.7802470141874972,18.291868980462056,0.7742173813126499,1.849970525726059,8.043549723486459,2.5476481103063096
marshna01,Naji Marshall,SF,2026,6,4–6,4.175705546047025,0.2569978671878418,0.4854507591039682,0.7963452992680142,17.007489264444757,1.298739261777415,2.0463079666200668,6.242100350208021,1.4819883217793623
reidna01,Naz Reid,C,2026,7,7–10,2.9264684211743592,1.3434773229924275,0.4775180989529093,0.7445768113145401,18.570424854146367,1.0804662624433206,1.91695863478407,8.127906964484735,3.027583389291799
claxtni01,Nic Claxton,C,2026,7,7–10,3.090451551390917,2.0843931401937668,0.6005991874070582,0.5709015528774292,13.933794450743878,1.0263001591168193,1.6557894365348411,10.591020537211687,0.3690986330666693
richani01,Nick Richards,C,2026,6,4–6,1.7736018085382326,1.5485954155641741,0.6217391361110589,0.7552688906546352,15.539908898620585,0.4234404222346173,2.092048876703093,12.582851113179357,0.3430725908078985
smithni01,Nick Smith Jr.,SG,2026,3,2–3,4.153281141848623,0.2553107376275079,0.39776332584422064,0.8971264958956554,17.082062178664494,0.4097896452378997,2.2120774050831904,3.707576606760678,2.8822117514825383
alexani01,Nickeil Alexander-Walker,SG,2026,7,7–10,4.088660101092446,0.6475893155741018,0.4385436309718165,0.8122186296847931,13.552973310837633,1.0224323106075526,1.643730236533045,4.227712584005479,2.5437529087665656
batumni01,Nicolas Batum,PF,2026,18,16+,2.5354698214561515,0.8479952884860232,0.43031961950763714,0.7510207031878722,7.948099857751199,1.2508857111845997,0.9395964877867843,5.707750789941649,2.314174065041509
jokicni01,Nikola Jokić,C,2026,11,11–15,9.515925620923229,0.7403055403390241,0.5834234780773593,0.8227523915050676,27.147305738513065,1.5473717437287575,3.0633964268575937,12.492318878083035,1.8585240680210955
jovicni01,Nikola Jović,PF,2026,4,4–6,4.356884195803024,0.4163971499150109,0.4615654080284809,0.8108035934007428,16.208834498227628,1.2115246499052685,1.9371385614350525,5.637661411404499,2.528939877133165
vucevni01,Nikola Vučević,C,2026,15,11–15,3.9330667212671733,0.8418065928517628,0.5135235858903261,0.8195081883148544,19.878650685789662,0.8601234215811063,1.7562923609791998,11.514803540428069,1.9709719901926581
clownno01,Noah Clowney,PF,2026,3,2–3,1.9615715502106523,0.6792580563393762,0.3650907281645994,0.8277289716565668,16.18172276480885,0.8097896452378996,1.7000837699930915,6.496267789848107,3.1533840257378043
powelno01,Norman Powell,SG,2026,11,11–15,2.431456758070306,0.3812241684686148,0.47995551102697703,0.826857567027231,22.081352273274025,1.0719657584274644,1.799483228428414,3.3972858501155283,3.2563744351746675
anunoog01,OG Anunoby,PF,2026,9,7–10,2.608272946409892,0.7368268890856962,0.47980070989955453,0.7953594718078391,17.157660995353815,1.556894634721261,1.5309239513379562,4.883293734676002,2.395486479642253
toppiob01,Obi Toppin,PF,2026,6,4–6,3.1908055621977494,0.712781655828154,0.5298455405943276,0.7887168516012811,19.42088376430298,0.9716904611962279,1.5760092366930096,7.225613168796034,2.6590478071910346
agbajoc01,Ochai Agbaji,SG,2026,4,4–6,2.4066917473805858,0.6005904375581109,0.4620392789365812,0.7307154545218624,13.986948640968501,1.0034036968167463,1.2505311526526481,4.7088042817769855,2.1458318207824756
okongon01,Onyeka Okongwu,C,2026,6,4–6,2.9199561331767288,1.3570016794927617,0.5911205894747411,0.7884558003972125,17.260640489242206,1.0293328690833508,1.594546202741087,10.96381769658845,1.0466331423489503
ighodos01,Oso Ighodaro,PF,2026,2,2–3,2.874783880059807,0.9336264475664973,0.6178765808777777,0.6578070924535039,11.04978810583167,1.0097896452378996,1.444086952448042,7.746370733990747,0.44166128318514397
washipj01,P.J. Washington,PF,2026,7,7–10,2.9418555079473903,1.0797059257653578,0.44930217630401426,0.7251088780599632,16.118812615429494,1.1558462133231344,2.0418758142460676,7.898585915017945,2.028981520772761
banchpa01,Paolo Banchero,PF,2026,4,4–6,5.217592516933626,0.5775051099144543,0.4500574196632678,0.7434491837380872,26.254726546938606,0.8658625494486475,3.0110749213833734,7.607810274209511,2.101973969660528
siakapa01,Pascal Siakam,PF,2026,10,7–10,4.498463033658574,0.5166572525804684,0.5195057726259189,0.7620496029095878,21.940746156676465,0.9790055439277265,1.6874953360889682,7.587727524069879,1.8398500806565536
willipa01,Patrick Williams,PF,2026,6,4–6,2.8636204393277174,0.806558499169885,0.4215692459984205,0.7973604491623717,13.713483007354276,1.1434881202249032,1.9117376377711368,5.2714486213719915,2.3072675314205084
georgpa01,Paul George,PF,2026,16,16+,4.848369271585972,0.43779902591032505,0.43929267974829755,0.8693438592266312,17.99316530746445,1.8028597196747531,2.730353378277321,5.92623941174624,2.8895144135532544
pritcpa01,Payton Pritchard,PG,2026,6,4–6,4.974752546013658,0.19651819400550485,0.47366198298636975,0.8319736164595166,18.386387543421893,0.9879952381405627,1.3726441779366276,5.029807524440116,3.841273065930013
watsope01,Peyton Watson,SF,2026,4,4–6,2.471079664381698,1.8371351968946794,0.4697601205242686,0.7050721789157898,13.168637883608852,1.0115246499052686,1.3513071001443249,5.4879004197743955,1.2911312692752204
achiupr01,Precious Achiuwa,C,2026,6,4–6,2.2406791635799013,1.1277063984041578,0.4955493774276125,0.6645078437552996,12.747338720462045,1.1444677322527645,1.5794895430218805,10.027744118767322,0.6781350571943753
grimequ01,Quentin Grimes,SG,2026,5,4–6,3.8397845619963156,0.3618222168132261,0.44074594384921795,0.768164305325513,18.77964015419646,1.1976626203432177,2.103069833575836,4.954224324255301,3.0085688187952413
barrerj01,RJ Barrett,SF,2026,7,7–10,5.0694288798535805,0.2859851326025749,0.4728018341134028,0.7145258236056191,22.82319565904343,0.6979948846304506,2.826343695026447,6.5676197203889135,2.1802798754789157
councri01,Ricky Council IV,SF,2026,3,2–3,3.2400688119994685,0.42488966511225523,0.39196022749431914,0.8088023741368152,16.901994295893367,0.9097896452378996,1.6147514974780748,6.4001060249140584,1.8879134125465626
hollaro01,Ron Holland,SF,2026,2,2–3,2.7834626470748915,0.509679128854629,0.4830778520642183,0.7704760141593185,16.451824588965543,1.4097896452378995,2.0414128600531574,6.4001060249140584,1.3455688640360306
onealro01,Royce O'Neale,SF,2026,9,7–10,3.678620066953643,0.6535677870753919,0.40906298637452176,0.7273744482494154,13.029447221904958,1.1898696707191765,1.3681512503754305,6.7352570362864075,3.420294996606213
goberru01,Rudy Gobert,C,2026,13,11–15,1.9294252265639356,1.7647161602911958,0.6578956187582135,0.6723480524694607,12.879605620836191,0.7734278037366531,1.3898772032192477,12.807112066212461,0.2512751765063181
hachiru01,Rui Hachimura,PF,2026,7,7–10,1.937201558379132,0.5157961132487267,0.5126400959599885,0.7684978723521484,15.359971475875513,0.7661781858662138,1.032078327486479,5.984537363388009,2.1331657852466055
westbru01,Russell Westbrook,PG,2026,18,16+,7.671624498379796,0.4913960178297771,0.4421586167809084,0.6919769092026203,16.433893305332468,1.5503528108709632,3.799950810953241,7.165687639637015,1.6670237789219047
dunnry01,Ryan Dunn,SF,2026,2,2–3,2.052892783195568,0.9336264475664973,0.43473108907449903,0.5935123273496422,14.831213644025382,1.1097896452378997,1.1880901349029924,6.977076614518354,2.3398672029720062
hausesa01,Sam Hauser,PF,2026,5,4–6,2.077718245435018,0.4067414209827023,0.4484853427745025,0.8867023419447777,14.875223624116389,0.9028488508185106,0.7224016504596684,5.378532058751167,4.003257099922479
merrisa01,Sam Merrill,SG,2026,6,4–6,3.4033490279035523,0.302027630617282,0.402978480175498,0.9686017678893373,14.459951487692402,1.0821128851993862,0.9701426326994096,4.045394176920446,3.847499649983401
aldamsa01,Santi Aldama,PF,2026,5,4–6,3.9515563960713975,0.7753384243954634,0.4679281140492416,0.7132560348253801,17.58947292825046,1.0571867503618897,1.5285922216262646,8.514769012006127,2.717854654940469
hendesc01,Scoot Henderson,PG,2026,3,2–3,7.082380407138688,0.3268686348469557,0.41828831765837954,0.8006253624429857,18.628168582098848,1.2450837628849585,3.626681780636719,4.296732120995184,2.3161237745093426
barnesc01,Scottie Barnes,PF,2026,5,4–6,6.0206541504129945,1.009553686480259,0.455867164444715,0.7765413615100941,21.128822984281616,1.364189474224258,2.7975066194827276,8.27330099192386,1.628475035789908
pippesc02,Scotty Pippen Jr.,PG,2026,4,4–6,7.370484884305235,0.5859760773997582,0.48034190711994057,0.7291104117138876,17.37927573623996,2.2115246499052685,2.8757935591002335,5.5414996464704505,2.0769860867077217
curryse01,Seth Curry,SG,2026,13,11–15,2.2187724479690374,0.2903503493383413,0.4807725792739177,0.8305031486901786,14.69418351124494,0.8817183682846199,1.1353534288426812,3.8711721163053356,2.7987054951719395
sharpsh01,Shaedon Sharpe,SG,2026,4,4–6,3.390239596910202,0.3670865032524171,0.44320909959583654,0.7795847052049649,20.8505227867313,0.9667757914577799,2.2713689512052637,5.169445805197466,2.4197154535920706
gilgesh01,Shai Gilgeous-Alexander,PG,2026,8,7–10,6.582829742033487,0.9487840408952997,0.522633936356522,0.8752982944933451,32.61590297425635,1.7947576165688637,2.448896425234353,5.3203244108409224,2.2352821607635547
fontesi01,Simone Fontecchio,SF,2026,4,4–6,2.442118597694164,0.4016866774018685,0.42296438416883325,0.8322472217518624,14.242540764400967,0.9236471631441406,1.6431853327686665,6.0209869804979,2.5263743104642247
dinwisp01,Spencer Dinwiddie,PG,2026,12,11–15,6.080827940293101,0.34410996648005215,0.4121693159980079,0.8058574892709829,13.97563594813579,0.9647345223566814,1.616289984202832,3.656009928383622,1.9823783831970903
curryst01,Stephen Curry,PG,2026,17,16+,6.380009394351663,0.4202219365248947,0.4497945749534695,0.9232576902871336,26.248881323867074,1.1003725503103632,2.9994390746963067,5.035228942935465,5.00019606817641
castlst01,Stephon Castle,PG,2026,2,2–3,5.705742102592186,0.42488966511225523,0.43274400512020206,0.7533092581633334,20.953521658243773,1.2097896452378996,2.8094033126883056,5.150003080771419,1.8879134125465626
mccontj01,T.J. McConnell,PG,2026,11,11–15,9.151936200295362,0.4120319435174521,0.5298368220224043,0.8049569836223381,17.67426149106157,2.0050060395174967,2.7380434715872695,5.03867552450034,0.6422600174431338
easonta01,Tari Eason,PF,2026,4,4–6,2.530459536104717,1.179502323596374,0.4859424394477659,0.7775876843632302,18.00951332593891,2.5115246499052684,1.681141743890003,9.099484949030272,1.8058138124524559
princta02,Taurean Prince,SF,2026,10,7–10,2.754088804737598,0.41001896316887904,0.45445956409065,0.7847320852088812,11.349203545004125,1.132815255731911,1.473990250407814,4.694597723017848,2.524150626183421
mannte01,Terance Mann,SG,2026,7,7–10,3.3295265494635924,0.33816957507856316,0.5048560564926482,0.7862151953179213,13.185765975210176,0.9731516693856842,1.2302903099907896,5.335155778053651,1.6990844287310156
roziete01,Terry Rozier,PG,2026,11,11–15,4.469012030586046,0.37239832965143105,0.40686474930621896,0.8476433138857261,15.121616243317076,1.023250148782054,1.6714571836324912,4.754133422841345,2.227531276942642
salauti01,Tidjane Salaün,PF,2026,2,2–3,2.600820181105061,0.42488966511225523,0.33850158087777776,0.7419459208610264,12.310263285229572,0.8097896452378996,1.7854160425081076,8.227179558660993,1.9783041706316513
hardati02,Tim Hardaway Jr.,SG,2026,13,11–15,2.4857291604186504,0.19447945819281315,0.40125288059657316,0.8209009237287503,14.30778799925333,0.7157491618100837,0.870802585719004,3.42853635754751,3.007771345647172
harrito02,Tobias Harris,PF,2026,15,11–15,3.025825955340898,0.76437040403880685,0.4800538366044361,0.8733693398206273,15.317609989841719,1.047687574759156,1.2688529321011899,6.66651072721945,1.5511141307441656
camarto01,Toumani Camara,PF,2026,3,2–3,2.794331551532897,0.6760939227471461,0.4623150940972316,0.7782788106340609,14.114946276918712,1.527436704061429,1.6381445815251834,6.823333955378626,2.0520233649999278
youngtr01,Trae Young,PG,2026,8,7–10,10.961854785105182,0.17678160669867066,0.4179865286257114,0.8759902034212633,23.77942152592433,1.180110952534122,4.304068776633995,3.1775190039202226,3.047185671874944
lylestr01,Trey Lyles,PF,2026,11,11–15,2.3847124097221135,0.6854878639545869,0.42910354696198655,0.7455983785562412,11.802431851352779,0.802791844462828,1.1177279276550895,8.34390640072573,2.372288377784087
murphtr02,Trey Murphy III,SF,2026,5,4–6,3.542982421899322,0.6782763546823327,0.45616139815322215,0.8652860138901833,21.336875777250004,1.1562735083527573,1.6695515671298853,5.193746644418506,3.3192988309645712
dasiltr01,Tristan Da Silva,SF,2026,2,2–3,2.9661051130447222,0.42488966511225523,0.4197165341488059,0.853753043246225,13.750806347398607,0.7097896452378996,1.3587546799330255,5.630811905441664,2.0686949287167407
jeromty01,Ty Jerome,SG,2026,7,7–10,6.083080759882984,0.16021978134881953,0.5129942185539392,0.8470513965853605,22.111194970630766,1.9989028988428468,2.322999647103051,4.660745432693942,2.9336763528121064
herroty01,Tyler Herro,SG,2026,7,7–10,5.335512525957006,0.17371479349719923,0.4593063763742556,0.8761306783631208,23.29082473040978,0.8248405222143432,2.468294005154278,5.427832507999682,3.3793636650623253
halibty01,Tyrese Haliburton,PG,2026,6,4–6,10.19012575512875,0.6511864895468872,0.47652927480089713,0.8525758630277438,20.663507873483344,1.5355672870943724,2.057471830926543,3.80128848113468,3.314133057637265
martity01,Tyrese Martin,SG,2026,4,4–6,3.626314331923702,0.24681822243026358,0.4094757653876572,0.8091168480199317,15.218461142986413,0.9115246499052685,2.0224708339500688,6.022308471140697,2.800112151388431
maxeyty01,Tyrese Maxey,PG,2026,6,4–6,5.667036740645463,0.3678813097909765,0.44728913215711286,0.863967668540276,24.9415606542302,1.2002731694473137,2.0345343309098993,3.25768523745452,3.1088394958772847
jonesty01,Tyus Jones,PG,2026,11,11–15,7.475568385615836,0.18016072938216454,0.45923890739128376,0.856411139577446,13.338180516092685,1.2685324227654728,1.3586303001452247,3.251184249139979,2.620891467311582
wembavi01,Victor Wembanyama,C,2026,3,2–3,4.565654181574275,3.713612077237081,0.47968465977680064,0.8241209165455479,27.02101764976834,1.3333190570026057,3.582690900410987,12.338766883672648,3.2734531889051963
krejcvi01,Vit Krejci,PG,2026,5,4–6,4.813490360727602,0.7555550048845056,0.4945324409955138,0.7375506511483715,13.95798596358851,1.1115246499052687,1.681141743890003,4.964529056866156,2.8905029094735197
kesslwa01,Walker Kessler,C,2026,4,4–6,2.259423924491777,2.965676874383897,0.6703268846471004,0.5856042363146712,13.955423500764818,0.6667757914577799,1.713753467334609,13.603251889992471,0.43591823039631616
cartewe01,Wendell Carter Jr.,C,2026,8,7–10,3.079171220865972,0.7264444521228588,0.4854044035686189,0.7321110254447611,13.289629862488258,0.8927441937500716,1.7153849394824556,10.395855043313118,1.1954386534338968
missiyv01,Yves Missi,C,2026,2,2–3,2.326856482150314,1.6119421575054866,0.5579521303283272,0.670214854140214,14.110942112940865,0.7097896452378996,1.6147514974780748,11.11203250668247,0.44166128318514397
risacza01,Zaccharie Risacher,SF,2026,2,2–3,2.326856482150314,0.6792580563393762,0.4690278966672514,0.7568358111192218,19.693046478845865,1.0097896452378996,1.8707483150231243,5.438488375573566,2.6110394772272723
edeyza01,Zach Edey,C,2026,2,2–3,2.235535249165399,1.9511000124749813,0.5903197626959595,0.7529097658362991,17.082062178664494,0.9097896452378996,2.2120774050831904,13.80456192483585,0.8936150736105873
lavinza01,Zach LaVine,SF,2026,12,11–15,4.324074324153947,0.2988879509911091,0.5098477937110146,0.8085971808034239,22.58215330909999,0.8018567233960726,2.64155658490328,4.429442531791021,3.2597608915229372
willizi02,Ziaire Williams,SF,2026,5,4–6,2.6043229411696998,0.5293949928732656,0.40782456178242993,0.8327060926410552,15.624227589100348,1.3291717087287978,1.8217700526818306,6.5417231424859885,2.4929588105973437
